{
  "pages": [
    {
      "id": 0,
      "name": "General"
    }
  ],
  "current_page_id": 0,
  "todos": [],
  "count": 0,
  "completedCount": 0,
  "isExpanded": false,
  "useCustomColors": false,
  "exportPath": "~/Documents",
  "exportFormat": "markdown",
  "exportEmptySections": false,
  "priorityColors": {
    "high": {
      "r": 1,
      "g": 0.7058823704719543,
      "b": 0.6705882549285889,
      "a": 1,
      "hsvHue": 0.01786111108958721,
      "hsvSaturation": 0.3294117748737335,
      "hsvValue": 1,
      "hslHue": 0.01786111108958721,
      "hslSaturation": 1,
      "hslLightness": 0.8352941274642944,
      "valid": true
    },
    "medium": {
      "r": 0.2980392277240753,
      "g": 0.8549019694328308,
      "b": 0.8627451062202454,
      "a": 1,
      "hsvHue": 0.5023055672645569,
      "hsvSaturation": 0.6545510292053223,
      "hsvValue": 0.8627451062202454,
      "hslHue": 0.5023055672645569,
      "hslSaturation": 0.6728923320770264,
      "hslLightness": 0.5803921818733215,
      "valid": true
    },
    "low": {
      "r": 0.7254902124404907,
      "g": 0.7843137383460999,
      "b": 0.8549019694328308,
      "a": 1,
      "hsvHue": 0.5909166932106018,
      "hsvSaturation": 0.15136949717998505,
      "hsvValue": 0.8549019694328308,
      "hslHue": 0.5909166932106018,
      "hslSaturation": 0.30841535329818726,
      "hslLightness": 0.7902036905288696,
      "valid": true
    }
  }
}
